Albuterol Sulfate (5 MG/ML) 0.5% Inhalation Nebulization Solution,Asthma
Amoxicillin 500 MG Oral Capsule,Otitis Media
Amoxicillin 500 MG Oral Capsule,Acute Cystitis
Amoxicillin 500 MG Oral Capsule,Urinary Tract Infection
Atenolol 100 MG Oral Tablet,Hypertension
Atenolol 50 MG Oral Tablet,Paroxysmal Atrial Fibrillation
Atenolol 50 MG Oral Tablet,Hypertension
Atenolol 50 MG Oral Tablet,Essential Hypertension
Augmentin 500-125 MG Oral Tablet,Urinary Tract Infection
Coumadin 5 MG Oral Tablet,Atrial Fibrillation
Doxycycline Hyclate 100 MG Oral Capsule,Abortion
EryPed 200 200 MG/5ML Oral Suspension Reconstituted,Esophageal Reflux
Ibuprofen 600 MG Oral Tablet,Abdominal Pain
Ibuprofen 600 MG Oral Tablet,Dysmenorrhea
Ibuprofen 600 MG Oral Tablet,Migraine Headache
Ibuprofen 600 MG Oral Tablet,Sickle Cell Hb-SC Disease
Ibuprofen 600 MG Oral Tablet,Lower Back Pain
Ibuprofen 800 MG Oral Tablet,Abdominal Pain
Ibuprofen 800 MG Oral Tablet,Dysmenorrhea
Ibuprofen 800 MG Oral Tablet,Localized Primary Osteoarthritis Of The Knee
Lasix 20 MG Oral Tablet,Benign Essential Hypertension
Naproxen 250 MG Oral Tablet,Dysmenorrhea
Naproxen 250 MG Oral Tablet,Muscle Spasm
Naproxen 250 MG Oral Tablet,Myalgia And Myositis
Naproxen 250 MG Oral Tablet,Pelvic Pain
Naproxen 250 MG Oral Tablet,Limb Pain
Naproxen 500 MG Oral Tablet,Localized Primary Osteoarthritis Of The Knee
Naproxen 500 MG Oral Tablet,Osteoarthritis Of The Knee
Naproxen 500 MG Oral Tablet,Limb Pain
Nitrostat 0.4 MG Sublingual Tablet Sublingual,Coronary Artery Disease
Nitrostat 0.4 MG Sublingual Tablet Sublingual,Hypertension
Nitrostat 0.4 MG Sublingual Tablet Sublingual,Hyperlipidemia
PredniSONE 10 MG Oral Tablet,Ulcerative Colitis
PredniSONE 5 MG Oral Tablet,Sarcoidosis
Synthroid 50 MCG Oral Tablet,Thyroid Disorder
Synthroid 100 MCG Oral Tablet,Hyperthyroidism
Synthroid 150 MCG Oral Tablet,Thyroid Disorder
Penicillin V Potassium 125 MG/5ML Oral Solution Reconstituted,Sickle Cell Hb-SC Disease
Penicillin V Potassium 125 MG/5ML Oral Solution Reconstituted,Sickle Cell Anemia
Penicillin V Potassium 125 MG/5ML Oral Solution Reconstituted,Sickle Cell Hb-SS Disease
Dicloxacillin Sodium 250 MG Oral Capsule,Folliculitis
Amoxicillin 250 MG/5ML Oral Suspension Reconstituted,Acute Otitis Media
Amoxicillin 250 MG/5ML Oral Suspension Reconstituted,Cardiac Devices Pacemaker Present
Penicillin V Potassium 250 MG Oral Tablet,Scarlet Fever
Hydrochlorothiazide 50 MG Oral Tablet,Coronary Artery Disease
Hydrochlorothiazide 50 MG Oral Tablet,Essential Hypertension
Amoxicillin 125 MG Oral Tablet Chewable,Nonunion Of Fracture
Penicillin V Potassium 250 MG/5ML Oral Solution Reconstituted,Sickle Cell Hb-SC Disease
Penicillin V Potassium 250 MG/5ML Oral Solution Reconstituted,Sickle Cell Hb-SS Disease
Albuterol 90 MCG/ACT AERS,Asthma
Albuterol Sulfate (2.5 MG/3ML) 0.083% Inhalation Nebulization Solution,Reactive Airway Disease
Albuterol Sulfate (2.5 MG/3ML) 0.083% Inhalation Nebulization Solution,Mild Intermittent Asthma
Albuterol Sulfate (2.5 MG/3ML) 0.083% Inhalation Nebulization Solution,Chronic Lung Disease Of Newborn
Allopurinol 100 MG Oral Tablet,Hypertension
Allopurinol 100 MG Oral Tablet,Asymptomatic Hyperuricemia
Allopurinol 300 MG Oral Tablet,Gout
ALPRAZolam 0.25 MG Oral Tablet,Generalized Anxiety Disorder
ALPRAZolam 0.5 MG Oral Tablet,Anxiety Disorder NOS
Amitriptyline HCl 10 MG Oral Tablet,Abdominal Pain
Amitriptyline HCl 25 MG Oral Tablet,Migraine Headache
Ampicillin 500 MG Oral Capsule,Urinary Tract Infection
Aspirin Childrens 81 MG Oral Tablet Chewable,Congenital Pulmonary Valvular Stenosis
Bacitracin 500 UNIT/GM External Ointment,Folliculitis
Baclofen 10 MG Oral Tablet,Multiple Sclerosis
Baclofen 10 MG Oral Tablet,Cerebral Artery Thrombosis - With Cerebral Infarction
Baclofen 10 MG Oral Tablet,Late Effects Of Cerebrovascular Disease
Bayer Aspirin 325 MG Oral Tablet,Primary Hypercoagulable State
Benzonatate 100 MG Oral Capsule,Cough
Benzonatate 100 MG Oral Capsule,Essential Hypertension
Benzonatate 100 MG Oral Capsule,Acute Upper Respiratory Infection
Benzoyl Peroxide 10 % External Gel,Acne
Aspirin 325 MG Oral Tablet,Stroke Syndrome
Aspirin 325 MG Oral Tablet,Ischemic Stroke
Atenolol 25 MG Oral Tablet,Hypertension
Benzoyl Peroxide Wash 5 % External Liquid,Acne
Biotin 10 MG Oral Tablet,Biotinidase Deficiency
CloNIDine HCl 0.1 MG Oral Tablet,Hypertension
CloNIDine HCl 0.1 MG Oral Tablet,Essential Hypertension
CloNIDine HCl 0.1 MG Oral Tablet,Attention-deficit Hyperactivity Disorder
CloNIDine HCl 0.1 MG Oral Tablet,"ADHD, Combined Type"
CloNIDine HCl 0.2 MG Oral Tablet,Coronary Artery Disease
Clotrimazole 1 % External Cream,Dermatophytosis
Clotrimazole 1 % External Cream,Tinea Capitis
Clotrimazole 1 % External Cream,Tinea Cruris
Clotrimazole 1 % External Cream,Tinea Corporis
Colchicine 0.6 MG TABS,Gout
CarBAMazepine 200 MG Oral Tablet,Multiple Sclerosis
Cyclobenzaprine HCl 10 MG Oral Tablet,Rheumatoid Arthritis
Cyclobenzaprine HCl 10 MG Oral Tablet,Cerebral Artery Thrombosis - With Cerebral Infarction
Cyclobenzaprine HCl 10 MG Oral Tablet,Muscle Spasm
Cyclobenzaprine HCl 10 MG Oral Tablet,Lower Back Pain
Cyclobenzaprine HCl 10 MG Oral Tablet,Limb Pain
Cyproheptadine HCl 2 MG/5ML Oral Syrup,Vomiting (Symptom)
Cyproheptadine HCl 2 MG/5ML Oral Syrup,Failure To Thrive In Childhood
Cyproheptadine HCl 4 MG Oral Tablet,Feeding Disorder Of Infancy / Early Childhood Of Nonorganic Origin
Dermoplast 20-0.5 % External Aerosol,Second-degree Perineal Laceration During Delivery
Dilantin 100 MG Oral Capsule,Partial Complex Psychomotor Seizure With Intractable Seizure
ClomiPHENE Citrate 50 MG Oral Tablet,Polycystic Ovarian Syndrome
ClomiPHENE Citrate 50 MG Oral Tablet,Female Infertility Associated With Anovulation
Erythromycin 5 MG/GM Ophthalmic Ointment,Acute Bacterial Conjunctivitis
Erythromycin 5 MG/GM Ophthalmic Ointment,Acute Conjunctivitis Of Both Eyes
Ferrous Sulfate 325 (65 Fe) MG Oral Tablet,Anemia
Ferrous Sulfate 325 (65 Fe) MG Oral Tablet,Iron Deficiency
Ferrous Sulfate 325 (65 Fe) MG Oral Tablet,"Chronic Kidney Disease, Stage 4"
Flagyl 500 MG Oral Tablet,Nonspecific Vaginitis
Flagyl 500 MG Oral Tablet,Trichomonas Vaginalis Vaginitis
Flagyl 500 MG Oral Tablet,Trichomonas Vulvovaginitis
Flagyl 500 MG Oral Tablet,Bacterial Vaginosis
Flintstones Complete 60 MG Oral Tablet Chewable,Ingrowing Nail With Infection
Fluocinonide 0.05 % External Cream,Contact Dermatitis
Fluocinonide 0.05 % External Cream,Skin: A Rash
Folic Acid 1 MG Oral Tablet,Coronary Artery Disease
Folic Acid 1 MG Oral Tablet,Hereditary Hemolytic Spherocytosis
Folic Acid 1 MG Oral Tablet,Sickle Cell Hb-SC Disease
Folic Acid 1 MG Oral Tablet,Sickle Cell Anemia
Folic Acid 1 MG Oral Tablet,Sickle Cell Hb-SS Disease
Folic Acid 1 MG Oral Tablet,Planning To Become Pregnant
Folic Acid 400 MCG Oral Tablet,Anemia
Furosemide 20 MG Oral Tablet,Congestive Heart Failure
Furosemide 20 MG Oral Tablet,Hypertension
Furosemide 20 MG Oral Tablet,Essential Hypertension
Furosemide 20 MG Oral Tablet,Benign Essential Hypertension
Furosemide 20 MG Oral Tablet,Edema
Furosemide 40 MG Oral Tablet,Dilated Cardiomyopathy
Furosemide 40 MG Oral Tablet,Congestive Heart Failure
Furosemide 40 MG Oral Tablet,Left Heart Failure - Class III
Furosemide 40 MG Oral Tablet,Benign Essential Hypertension
Furosemide 40 MG Oral Tablet,Chronic Systolic Congestive Heart Failure
Furosemide 40 MG Oral Tablet,Edema
Dicyclomine HCl 20 MG Oral Tablet,Irritable Bowel Syndrome
Digoxin 0.125 MG Oral Tablet,Atrial Fibrillation
Digoxin 0.125 MG Oral Tablet,Coronary Artery Disease
Digoxin 0.25 MG Oral Tablet,Atrial Fibrillation
Digoxin 0.25 MG Oral Tablet,Hypertension
HydrALAZINE HCl 100 MG Oral Tablet,Hypertension
HydrALAZINE HCl 25 MG Oral Tablet,Hypertension
HydrALAZINE HCl 25 MG Oral Tablet,Benign Essential Hypertension
HydrALAZINE HCl 50 MG Oral Tablet,Congestive Heart Failure
HydrALAZINE HCl 50 MG Oral Tablet,Hypertension
HydrALAZINE HCl 50 MG Oral Tablet,Benign Essential Hypertension
Hydrocortisone 0.5 % External Ointment,Eczema
HydrOXYzine HCl 10 MG/5ML Oral Syrup,Atopic Dermatitis
HydrOXYzine HCl 10 MG/5ML Oral Syrup,Viral Exanthem
HydrOXYzine HCl 10 MG/5ML Oral Syrup,Eczema
HydrOXYzine HCl 25 MG Oral Tablet,Itching (Pruritus)
HydrOXYzine HCl 25 MG Oral Tablet,Polymyositis / Dermatomyositis:
Dilantin 30 MG Oral Capsule,Partial Complex Psychomotor Seizure With Intractable Seizure
Docusate Sodium 100 MG Oral Capsule,Chronic Constipation
Docusate Sodium 100 MG Oral Capsule,Puerperal Hemorrhoids
Docusate Sodium 100 MG Oral Capsule,Constipation
Isoniazid 300 MG Oral Tablet,Tuberculin PPD Induration Positive Interpretation
Levothyroxine Sodium 50 MCG Oral Tablet,Hypothyroidism
Levothyroxine Sodium 100 MCG Oral Tablet,Primary Hypothyroidism
Levothyroxine Sodium 150 MCG Oral Tablet,Hyperthyroidism
Levothyroxine Sodium 150 MCG Oral Tablet,Graves' Disease
Estrace 0.1 MG/GM Vaginal Cream,Menopause
Felbatol 600 MG/5ML Oral Suspension,Partial Complex Psychomotor Seizure With Intractable Seizure
Motrin IB 200 MG Oral Tablet,Post Abdominal Surgery
Nitrofurantoin Macrocrystal 50 MG Oral Capsule,Urinary Tract Infection
Norvasc 5 MG Oral Tablet,Hypertension
Norvasc 5 MG Oral Tablet,Essential Hypertension
NovoLIN R 100 UNIT/ML Injection Solution,Diabetes Mellitus
Nutraderm-30 External Lotion,Atopic Dermatitis
Nystatin 100000 UNIT/GM External Ointment,Diaper Rash
Nystatin 100000 UNIT/GM External Ointment,Cutaneous Candidiasis
Gemfibrozil 600 MG Oral Tablet,Hyperlipidemia
Gemfibrozil 600 MG Oral Tablet,Stroke Of The Left Middle Cerebral Artery
Gentamicin Sulfate 0.3 % Ophthalmic Solution,Acute Bacterial Conjunctivitis
Gentian Violet 1 % External Solution,Neonatal Candidiasis Of The Diaper Region
GlyBURIDE 5 MG Oral Tablet,Gestational Diabetes Mellitus
Ponstel 250 MG Oral Capsule,Dysmenorrhea
Ponstel 250 MG Oral Capsule,Severe Menstrual Pain (Dysmenorrhea)
PredniSONE 5 MG/5ML Oral Solution,Viral Exanthem
Premarin 0.625 MG/GM Vaginal Cream,Female Genitalia Labial Adhesions
Premarin 0.625 MG/GM Vaginal Cream,Vulvar Pain
Hydrochlorothiazide 25 MG Oral Tablet,Hypertension
Hydrochlorothiazide 25 MG Oral Tablet,Essential Hypertension
Hydrochlorothiazide 25 MG Oral Tablet,Benign Essential Hypertension
Hydrocortisone 1 % External Cream,Contact Dermatitis
Hydrocortisone 1 % External Cream,Eczematoid Dermatitis
Hydrocortisone 1 % External Cream,Atopic Dermatitis
Hydrocortisone 1 % External Cream,Seborrhea Capitis
Hydrocortisone 1 % External Cream,Eczema
Hydrocortisone 2.5 % External Cream,Lichen Simplex Chronicus
Hydrocortisone 2.5 % External Cream,Infantile Seborrheic Dermatitis
Hydrocortisone 2.5 % External Cream,Eczema
Hydrocortisone 2.5 % External Lotion,Eczema
Hydrocortisone 1 % External Ointment,Eczema
Hydrocortisone 2.5 % External Ointment,Atopic Dermatitis
Hydrocortisone 2.5 % External Ointment,Eczema
Promethazine HCl 25 MG Oral Tablet,Nausea (Symptom)
Promethazine HCl 25 MG Oral Tablet,Abdominal Pain
Promethazine HCl 25 MG Oral Tablet,Nausea With Vomiting
Promethazine HCl 25 MG Oral Tablet,Pelvis Mass
Ibuprofen 200 MG Oral Tablet,Dehiscence Of Surgical Wound
Isosorbide Dinitrate 30 MG Oral Tablet,Hypertension
Levothroid 25 MCG Oral Tablet,Hypothyroidism
Levothyroxine Sodium 25 MCG Oral Tablet,Hypothyroidism
Levothyroxine Sodium 125 MCG Oral Tablet,Hypothyroidism
Sodium Bicarbonate 650 MG Oral Tablet,Renal Tubular Acidosis
Sodium Bicarbonate 650 MG Oral Tablet,"Chronic Kidney Disease, Stage 4"
Macrobid 100 MG Oral Capsule,Urinary Tract Infection
Magnesium Citrate 1.745 GM/30ML Oral Solution,Leiomyoma Of The Uterus
Magnesium Citrate 1.745 GM/30ML Oral Solution,Pelvis Mass
Magnesium Citrate 1.745 GM/30ML Oral Solution,Pelvic Pain
Spironolactone 25 MG Oral Tablet,Dilated Cardiomyopathy
Spironolactone 25 MG Oral Tablet,Ischemic Cardiomyopathy
Spironolactone 25 MG Oral Tablet,Fluid Overload
Spironolactone 25 MG Oral Tablet,Polycystic Ovarian Syndrome
Spironolactone 25 MG Oral Tablet,Edema
MedroxyPROGESTERone Acetate 10 MG Oral Tablet,Menses Abnormal
MedroxyPROGESTERone Acetate 10 MG Oral Tablet,Oligomenorrhea
MedroxyPROGESTERone Acetate 10 MG Oral Tablet,Secondary Amenorrhea
MedroxyPROGESTERone Acetate 10 MG Oral Tablet,Metrorrhagia
Sulfamethoxazole-TMP DS 800-160 MG Oral Tablet,Acute Bacterial Pyelonephritis
Sulfamethoxazole-TMP DS 800-160 MG Oral Tablet,Urinary Tract Infection
Sulfamethoxazole-TMP DS 800-160 MG Oral Tablet,Pyoderma
Sulfamethoxazole-TMP DS 800-160 MG Oral Tablet,Burns
Sulfamethoxazole-TMP DS 800-160 MG Oral Tablet,Open Wound Of The Leg
Terazol 7 0.4 % Vaginal Cream,Vaginal Candidiasis
Metoprolol Tartrate 50 MG Oral Tablet,Angina Pectoris
Metoprolol Tartrate 50 MG Oral Tablet,Congestive Heart Failure
Metoprolol Tartrate 50 MG Oral Tablet,Hypertension
Metoprolol Tartrate 50 MG Oral Tablet,Benign Essential Hypertension
MetroNIDAZOLE 500 MG Oral Tablet,Candida Albicans Vaginitis
MetroNIDAZOLE 500 MG Oral Tablet,Vulvovaginitis
MetroNIDAZOLE 500 MG Oral Tablet,Trichomonas Vulvovaginitis
MetroNIDAZOLE 500 MG Oral Tablet,"Inflammation Of The Cervix, Vagina, And Vulva"
MetroNIDAZOLE 500 MG Oral Tablet,Urogenital Trichomoniasis
MetroNIDAZOLE 500 MG Oral Tablet,Chlamydial Disease
MetroNIDAZOLE 500 MG Oral Tablet,Bacterial Vaginosis
Minocycline HCl 100 MG Oral Capsule,Osteomyelitis
TraZODone HCl 100 MG Oral Tablet,Anxiety (Symptom)
TraZODone HCl 100 MG Oral Tablet,Adjustment Disorder With Depressed Mood
Niacin 500 MG Oral Tablet,Hyperlipidemia
Triamcinolone Acetonide 0.1 % External Cream,Heat Rash
Triamcinolone Acetonide 0.1 % External Cream,Atopic Dermatitis
Triamcinolone Acetonide 0.1 % External Cream,Seborrhea Capitis
Triamcinolone Acetonide 0.1 % External Cream,Polymyositis / Dermatomyositis:
Triamcinolone Acetonide 0.1 % External Cream,Eczema
Triamcinolone Acetonide 0.1 % External Ointment,Eczema
Triamterene-HCTZ 37.5-25 MG Oral Tablet,Hypertension
NovoLIN N 100 UNIT/ML Subcutaneous Suspension,Diabetes With Neurological Complications - Uncontrolled
Nutraderm External Lotion,Eczema
Nystatin 100000 UNIT/GM External Cream,Candida Albicans Vulvovaginitis
Nystatin 100000 UNIT/GM External Cream,Diaper Rash
Nystatin 100000 UNIT/GM External Cream,Candidiasis
Nystatin 100000 UNIT/GM External Cream,Cutaneous Candidiasis
Nystatin 100000 UNIT/GM External Cream,Genitourinary Candidiasis
Nystatin 100000 UNIT/GM External Cream,Candidal Intertrigo
Nystatin 100000 UNIT/GM External Cream,Neonatal Candidiasis Of The Diaper Region
Nystatin 100000 UNIT/ML Mouth/Throat Suspension,Oral Thrush
Nystatin 100000 UNIT/ML Mouth/Throat Suspension,Oral Thrush Of Newborn
Oxistat 1 % External Cream,Tinea Corporis
Warfarin Sodium 2 MG Oral Tablet,Pulmonary Embolism
Warfarin Sodium 2.5 MG Oral Tablet,Taking Medication For A Long Time
Warfarin Sodium 5 MG Oral Tablet,Atrial Fibrillation
Warfarin Sodium 5 MG Oral Tablet,Antiphospholipid Syndrome
Zocor 20 MG Oral Tablet,Hyperlipidemia
Aspirin 81 MG Oral Tablet,Coronary Artery Disease
Aspirin 81 MG Oral Tablet,Stroke Syndrome
Aspirin 81 MG Oral Tablet,Ischemic Stroke
Chlorhexidine Gluconate 0.12 % Mouth/Throat Solution,Chronic Obstructive Pulmonary Disease
Chlorhexidine Gluconate 0.12 % Mouth/Throat Solution,Obstructive Sleep Apnea
ClonazePAM 0.5 MG Oral Tablet,REM Sleep Behavior Syndrome
ClonazePAM 0.5 MG Oral Tablet,Myoclonus
ClonazePAM 0.5 MG Oral Tablet,Taking Medication For A Long Time
Estradiol 1 MG Oral Tablet,Menopause
Famotidine 20 MG Oral Tablet,Heartburn
Famotidine 20 MG Oral Tablet,Gastritis
Hydroxychloroquine Sulfate 200 MG Oral Tablet,Idiopathic Urticaria
Hydroxychloroquine Sulfate 200 MG Oral Tablet,Polymyositis / Dermatomyositis:
Hydroxyurea 500 MG Oral Capsule,Sickle Cell Hb-SS Disease
Ibuprofen 100 MG/5ML Oral Suspension,Sickle Cell Hb-SS Disease
Ketorolac Tromethamine 10 MG Oral Tablet,Muscle Spasm
Ketorolac Tromethamine 10 MG Oral Tablet,Nephrolithiasis Of The Left Kidney
Labetalol HCl 100 MG Oral Tablet,Hypertension
Labetalol HCl 100 MG Oral Tablet,Essential Hypertension
Labetalol HCl 100 MG Oral Tablet,Pregnancy Complicated By Hypertension - Antepartum Condition Or Prior Complicated Delivery
Labetalol HCl 200 MG Oral Tablet,Hypertension
Labetalol HCl 200 MG Oral Tablet,Benign Essential Hypertension
Labetalol HCl 200 MG Oral Tablet,Pregnancy Complicated By Hypertension - Antepartum Condition Or Prior Complicated Delivery
Labetalol HCl 300 MG Oral Tablet,Pregnancy Complicated By Hypertension - Antepartum Condition Or Prior Complicated Delivery
Levothyroxine Sodium 88 MCG Oral Tablet,Primary Hypothyroidism
Levothyroxine Sodium 112 MCG Oral Tablet,Primary Hypothyroidism
Poly-Vi-Sol Oral Solution,Postpartum History Currently Nursing
Rifampin 300 MG Oral Capsule,Osteomyelitis
Spironolactone 50 MG Oral Tablet,Polycystic Ovarian Syndrome
Tretinoin 0.05 % External Cream,Dermatitis
PredniSONE 1 MG Oral Tablet,Polymyalgia Rheumatica
PredniSONE 20 MG Oral Tablet,Acute Upper Respiratory Infection
PredniSONE 20 MG Oral Tablet,Asthma With Acute Exacerbation
Promethazine HCl 12.5 MG Oral Tablet,Nausea With Vomiting
DiphenhydrAMINE HCl 12.5 MG/5ML Oral Liquid,Allergic Rhinitis
DiphenhydrAMINE HCl 12.5 MG/5ML Oral Liquid,Nonvenomous Insect Bite
Zonalon 5 % External Cream,Thoracic Spondylosis With Myelopathy
Retrovir 10 MG/ML Intravenous Solution,Exposed To HIV Infection
Saline Nasal Spray 0.65 % Nasal Solution,Upper Respiratory Infection
Acetaminophen-Codeine #3 300-30 MG Oral Tablet,Tension-type Headache
Acetaminophen-Codeine #3 300-30 MG Oral Tablet,Sickle Cell Hb-SC Disease
Acetaminophen-Codeine #3 300-30 MG Oral Tablet,Sickle Cell Hb-SS Disease
Spironolactone-HCTZ 25-25 MG Oral Tablet,Essential Hypertension
Sulfamethoxazole-Trimethoprim 400-80 MG Oral Tablet,Urinary Tract Infection
Sulfamethoxazole-Trimethoprim 400-80 MG Oral Tablet,Paronychia Of The Toe(S)
Neoral 100 MG Oral Capsule,Pyoderma Gangrenosum
Synthroid 88 MCG Oral Tablet,Hypothyroidism
Terazol 3 0.8 % Vaginal Cream,Candida Albicans Vulvovaginitis
HumaLOG 100 UNIT/ML Subcutaneous Solution,Pregnancy Complicated By Diabetes Mellitus
Cetaphil Moisturizing External Lotion,Chromosome Studies Nonspecific Abnormal Findings
Lipitor 10 MG Oral Tablet,Hyperlipidemia
Lipitor 10 MG Oral Tablet,Lipoid Metabolism Disorder
Lipitor 20 MG Oral Tablet,Hyperlipidemia
Butalbital-APAP-Caffeine 50-325-40 MG Oral Tablet,Common Migraine (Without Aura)
Patanol 0.1 % Ophthalmic Solution,Allergic Rhinitis
Coreg 25 MG Oral Tablet,Essential Hypertension
Lovenox 40 MG/0.4ML Subcutaneous Solution,Venous Thrombosis Of The Deep Vessels Of The Lower Extremity
Nasonex 50 MCG/ACT Nasal Suspension,Cough
Nasonex 50 MCG/ACT Nasal Suspension,Allergic Rhinitis
Effexor XR 37.5 MG Oral Capsule Extended Release 24 Hour,Depression
Bactroban 2 % External Cream,Collis Of 2 Motor Vehicles On Road - Driving (Not Motorcycle
Bactroban 2 % External Cream,Skin: A Rash
Plavix 75 MG Oral Tablet,Coronary Artery Disease
Plavix 75 MG Oral Tablet,Hypertension
Plavix 75 MG Oral Tablet,Benign Essential Hypertension
Singulair 5 MG Oral Tablet Chewable,Allergic Rhinitis
Trivora (28) Oral Tablet,Birth Control Method - Oral Contraceptives
Trivora (28) Oral Tablet,Gynecologic Services Contraceptive Management
Droxia 300 MG Oral Capsule,Sickle Cell Hb-SS Disease
Isosorbide Mononitrate CR 60 MG Oral Tablet Extended Release 24 Hour,Coronary Artery Disease
Isosorbide Mononitrate CR 60 MG Oral Tablet Extended Release 24 Hour,Hypertension
Isosorbide Mononitrate CR 30 MG Oral Tablet Extended Release 24 Hour,Congestive Heart Failure
Isosorbide Mononitrate CR 30 MG Oral Tablet Extended Release 24 Hour,Left Heart Failure - Class III
Isosorbide Mononitrate CR 30 MG Oral Tablet Extended Release 24 Hour,Congestive Heart Failure With Systolic And Diastolic Dysfunction
MiraLax Oral Powder,Constipation
Carbidopa-Levodopa CR 50-200 MG Oral Tablet Extended Release,Parkinsonism (Secondary)
Benzonatate 200 MG Oral Capsule,Cough
Rhinocort Aqua 32 MCG/ACT Nasal Suspension,Allergic Rhinitis
Keppra 500 MG Oral Tablet,Partial Complex Psychomotor Seizure With Intractable Seizure
Evoxac 30 MG Oral Capsule,Sjogren's Syndrome
Isosorbide Mononitrate CR 120 MG Oral Tablet Extended Release 24 Hour,Hypertension
TraZODone HCl 50 MG Oral Tablet,Episodic Mood Disorders
Triamcinolone Acetonide 0.5 % External Cream,Atopic Dermatitis
Triamcinolone Acetonide 40 MG/ML Injection Suspension,Eczema
Amiodarone HCl 200 MG Oral Tablet,Cardioverter-defibrillator Pulse Generator Insertion With Leads
Calcium Carbonate Antacid 500 MG Oral Tablet Chewable,Heartburn
Carbidopa-Levodopa 25-100 MG Oral Tablet,Parkinson's Disease
Clobetasol Propionate 0.05 % External Cream,Vulvar Itching Or Burning
GlyBURIDE 2.5 MG Oral Tablet,Pregnancy Complicated By Diabetes Mellitus
GlyBURIDE 2.5 MG Oral Tablet,Gestational Diabetes Mellitus
GuanFACINE HCl 1 MG Oral Tablet,"ADHD, Combined Type"
Methimazole 5 MG Oral Tablet,Hyperthyroidism
Rifampin 150 MG Oral Capsule,Cough
Tamoxifen Citrate 20 MG Oral Tablet,Malignant Breast Neoplasm
Warfarin Sodium 1 MG Oral Tablet,Antiphospholipid Syndrome
Meclizine HCl 25 MG Oral Tablet,Dizziness
Meclizine HCl 25 MG Oral Tablet,Vertigo
Terazosin HCl 1 MG Oral Capsule,Benign Prostatic Hypertrophy
Miconazole 3 200 MG Vaginal Suppository,Vaginal Candidiasis
Cozaar 50 MG Oral Tablet,Hypertension
Loestrin 1/20 (21) 1-20 MG-MCG Oral Tablet,Gynecologic Service Prescrip Of Contracept Agent - Repeat Rx
Hydrocodone-Acetaminophen 7.5-750 MG Oral Tablet,Arthritis
Hydrocodone-Acetaminophen 5-500 MG Oral Tablet,Aneurysm Of The Ascending Aorta
Hydrocodone-Acetaminophen 5-500 MG Oral Tablet,Post Abdominal Surgery
Hydrocodone-Acetaminophen 5-500 MG Oral Tablet,"Joint Pain, Localized In The Knee"
Hydrocodone-Acetaminophen 5-500 MG Oral Tablet,Dehiscence Of Surgical Wound
Hydrocodone-Acetaminophen 5-500 MG Oral Tablet,Oral Contraceptives
Hydrocodone-Acetaminophen 5-500 MG Oral Tablet,Limb Pain
Citric Acid-Sodium Citrate 334-500 MG/5ML Oral Solution,Renal Tubular Acidosis
Citric Acid-Sodium Citrate 334-500 MG/5ML Oral Solution,Metabolic Acidosis
Nasacort AQ 55 MCG/ACT Nasal Aerosol Solution,Allergic Rhinitis
Proventil HFA 108 (90 Base) MCG/ACT Inhalation Aerosol Solution,Asthma
Proventil HFA 108 (90 Base) MCG/ACT Inhalation Aerosol Solution,Exercise-induced Asthma
Proventil HFA 108 (90 Base) MCG/ACT Inhalation Aerosol Solution,Shortness Of Breath
Proventil HFA 108 (90 Base) MCG/ACT Inhalation Aerosol Solution,Intermittent Asthma
Ammonium Lactate 12 % External Cream,Keratosis Pilaris
Aricept 5 MG Oral Tablet,Alzheimer's Disease
Aricept 10 MG Oral Tablet,Dementia
Levaquin 500 MG Oral Tablet,Calculus Of Salivary Gland
Hydrochlorothiazide 12.5 MG Oral Capsule,Coronary Artery Disease
Hydrochlorothiazide 12.5 MG Oral Capsule,Hypertension
Hydrochlorothiazide 12.5 MG Oral Capsule,Benign Essential Hypertension
Warfarin Sodium 3 MG Oral Tablet,Atrial Fibrillation
Norco 10-325 MG Oral Tablet,Burns
Calcitrate 950 MG Oral Tablet,Osteoporosis
Coreg 3.125 MG Oral Tablet,Benign Essential Hypertension
Lipitor 40 MG Oral Tablet,Hyperlipidemia
Lipitor 40 MG Oral Tablet,Frederickson Type IIB Hyperlipidemia
Lipitor 40 MG Oral Tablet,Essential Hypercholesterolemia
Niaspan 500 MG Oral Tablet Extended Release,Hyperlipidemia
Combivir 150-300 MG Oral Tablet,Acquired Immunodeficiency Syndrome (AIDS)
SEROquel 25 MG Oral Tablet,Pervasive Developmental Disorders
SEROquel 25 MG Oral Tablet,Behavioral Problems
SEROquel 100 MG Oral Tablet,Behavioral Problems
Avapro 150 MG Oral Tablet,Hypertension
Avapro 150 MG Oral Tablet,Diabetes Mellitus
Avapro 300 MG Oral Tablet,Dilated Cardiomyopathy
Singulair 10 MG Oral Tablet,Allergic Rhinitis
Alrex 0.2 % Ophthalmic Suspension,Allergic Rhinitis
Detrol 1 MG Oral Tablet,Urge And Stress Incontinence
Viagra 100 MG Oral Tablet,Male Erectile Disorder
Excedrin Migraine 250-250-65 MG Oral Tablet,Headache
Excedrin Migraine 250-250-65 MG Oral Tablet,Common Migraine (Without Aura)
Droxia 200 MG Oral Capsule,Sickle Cell Hb-SS Disease
Atacand 16 MG Oral Tablet,Benign Essential Hypertension
Micardis 40 MG Oral Tablet,Essential Hypertension
Micardis 80 MG Oral Tablet,Essential Hypertension
Micardis 80 MG Oral Tablet,Kidney Disease With Benign Hypertension
Ziagen 20 MG/ML Oral Solution,HIV Infection
CeleBREX 200 MG Oral Capsule,Anxiety (Symptom)
CeleBREX 200 MG Oral Capsule,"Joint Pain, Localized In The Hip"
Cetaphil External Liquid,Chromosome Studies Nonspecific Abnormal Findings
Magnesium Oxide 400 MG Oral Capsule,Hypomagnesemia
Xopenex 0.63 MG/3ML Inhalation Nebulization Solution,Cough
Xopenex 0.63 MG/3ML Inhalation Nebulization Solution,Asthma
Xopenex 0.63 MG/3ML Inhalation Nebulization Solution,Bronchiolitis
Zovia 1/50E (28) 1-50 MG-MCG Oral Tablet,Oral Contraceptives
Avelox 400 MG Oral Tablet,Cellulitis Of The Trunk
Avelox 400 MG Oral Tablet,Fever (Symptom)
Icar 15 MG/1.25ML Oral Suspension,Iron Deficiency Anemia Secondary To Inadequate Dietary Iron Intake
Singulair 4 MG Oral Tablet Chewable,Allergic Rhinitis
Singulair 4 MG Oral Tablet Chewable,Asthma
Benzoyl Peroxide 5 % LIQD,Acne
Iron 325 (65 Fe) MG Oral Tablet,Pregnancy Complicated By Anemia
Calcitriol 0.25 MCG Oral Capsule,"Chronic Kidney Disease, Stage 4"
Calcitriol 0.5 MCG Oral Capsule,"Chronic Kidney Disease, Stage 4"
Cephalexin 500 MG Oral Capsule,Urinary Tract Infection
Cephalexin 500 MG Oral Capsule,Obstetrical Surgical Wound Complications - Postpartum Condition Or Complication
Cephalexin 500 MG Oral Capsule,Wound Infection
Cephalexin 500 MG Oral Capsule,Lump Or Mass In Breast
Cephalexin 500 MG Oral Capsule,Limb Pain
Cephalexin 500 MG Oral Capsule,Breast Cancer
Cephalexin 500 MG Oral Capsule,Nontraumatic Hematoma Of Soft Tissue
Clindamycin HCl 300 MG Oral Capsule,Cellulitis
Clindamycin HCl 300 MG Oral Capsule,Osteomyelitis
Clindamycin HCl 300 MG Oral Capsule,Ingrowing Toenail
Doxazosin Mesylate 2 MG Oral Tablet,Hypertension
Doxazosin Mesylate 4 MG Oral Tablet,Essential Hypertension
Enalapril Maleate 10 MG Oral Tablet,Hypertension
Enalapril Maleate 10 MG Oral Tablet,Essential Hypertension
Enalapril Maleate 2.5 MG Oral Tablet,Congestive Heart Failure
FLUoxetine HCl 10 MG Oral Capsule,Moderate Recurrent Major Depression
FLUoxetine HCl 20 MG Oral Capsule,Depression
Lovastatin 10 MG Oral Tablet,Hyperlipidemia
Lovastatin 20 MG Oral Tablet,Benign Essential Hypertension
Primidone 50 MG Oral Tablet,Cerebellar Ataxia
Propafenone HCl 300 MG Oral Tablet,Supraventricular Tachycardia
Sotalol HCl 80 MG Oral Tablet,Ischemic Cardiomyopathy
Acetaminophen-Codeine 120-12 MG/5ML Oral Solution,Sickle Cell Hb-SC Disease
Acetaminophen-Codeine 120-12 MG/5ML Oral Solution,Sickle Cell Hb-SS Disease
Motrin 40 MG/ML Oral Suspension,Sickle Cell Hb-SS Disease
Amoxicillin 500 MG Oral Tablet,Urinary Tract Infection
Amoxicillin 500 MG Oral Tablet,Acute Otitis Media
Amoxicillin 875 MG Oral Tablet,Streptococcal Sore Throat
FLUoxetine HCl 10 MG Oral Tablet,Epilepsy
Nicotine 7 MG/24HR Transdermal Patch 24 Hour,Maternal Tobacco Use Complicating Pregnancy / Childbirth / Puerperium
Hydrocodone-Acetaminophen 10-325 MG Oral Tablet,"Joint Pain, Localized In The Knee"
Hydrocodone-Acetaminophen 10-325 MG Oral Tablet,Limb Pain
Hydrocodone-Acetaminophen 10-325 MG Oral Tablet,Rib Fracture
Desmopressin Acetate Spray 0.01 % Nasal Solution,Enuresis
Folic Acid 5 MG Oral Capsule,Hyperlipidemia
Folic Acid 5 MG Oral Capsule,Convulsive Disorder
Lipitor 80 MG Oral Tablet,Hyperlipidemia
Lipitor 80 MG Oral Tablet,Transient Ischemic Attack
Concerta 18 MG Oral Tablet Extended Release,Oppositional Defiant Disorder Of Childhood
Concerta 18 MG Oral Tablet Extended Release,"ADHD, Combined Type"
Concerta 36 MG Oral Tablet Extended Release,Attention-deficit Hyperactivity Disorder
Differin 0.1 % External Cream,Acne
Qvar 40 MCG/ACT Inhalation Aerosol Solution,Allergic Rhinitis
Levaquin 750 MG Oral Tablet,Acute Upper Respiratory Infection
Concerta 54 MG Oral Tablet Extended Release,"ADHD, Combined Type"
NexIUM 20 MG Oral Capsule Delayed Release,Heartburn
NexIUM 20 MG Oral Capsule Delayed Release,Esophageal Reflux
NexIUM 40 MG Oral Capsule Delayed Release,Chronic Reflux Esophagitis
NexIUM 40 MG Oral Capsule Delayed Release,Esophageal Reflux
NexIUM 40 MG Oral Capsule Delayed Release,Gastric Ulcer
NexIUM 40 MG Oral Capsule Delayed Release,Heartburn Infrequently (Monthly)
NexIUM 40 MG Oral Capsule Delayed Release,Constipation
Toprol XL 25 MG Oral Tablet Extended Release 24 Hour,Hypertension
Aviane 0.1-20 MG-MCG Oral Tablet,Gynecologic Services Contraceptive Management
Diovan 320 MG Oral Tablet,Coronary Artery Disease
Klor-Con M20 20 MEQ Oral Tablet Extended Release,Essential Hypertension
Microgestin FE 1/20 1-20 MG-MCG Oral Tablet,Gynecologic Services Contraceptive Management
Toprol XL 50 MG Oral Tablet Extended Release 24 Hour,Hypertension
Adderall XR 20 MG Oral Capsule Extended Release 24 Hour,"ADHD, Combined Type"
Diovan 80 MG Oral Tablet,Congestive Heart Failure
Diovan 80 MG Oral Tablet,Hypertension
Diovan 80 MG Oral Tablet,Benign Essential Hypertension
Diovan 160 MG Oral Tablet,Coronary Artery Disease
Diovan 160 MG Oral Tablet,Essential Hypertension
Lisinopril 20 MG Oral Tablet,Congestive Heart Failure
Lisinopril 20 MG Oral Tablet,Hypertension
Lisinopril 20 MG Oral Tablet,Lupus Anticoagulant
Lisinopril 10 MG Oral Tablet,Arteriosclerotic Cardiovascular Disease (ASCVD)
Lisinopril 10 MG Oral Tablet,Hypertension
Lisinopril 10 MG Oral Tablet,Essential Hypertension
Lisinopril 10 MG Oral Tablet,Blood Pressure Isolated Elevated
Lisinopril 10 MG Oral Tablet,ACP Staging Stage 2 Hypertension: Greater Than Or = 160/100
Lisinopril 40 MG Oral Tablet,Hypertension
Lisinopril 40 MG Oral Tablet,Essential Hypertension
Lisinopril 40 MG Oral Tablet,Benign Essential Hypertension
Lisinopril 40 MG Oral Tablet,Hypothyroidism
Lisinopril 5 MG Oral Tablet,Coronary Artery Disease
Lisinopril 5 MG Oral Tablet,Congestive Heart Failure With Systolic And Diastolic Dysfunction
Lisinopril 5 MG Oral Tablet,Hypertension
Lisinopril 5 MG Oral Tablet,Essential Hypertension
Lisinopril 5 MG Oral Tablet,Benign Essential Hypertension
Lisinopril-Hydrochlorothiazide 20-12.5 MG Oral Tablet,Hypertension
MetFORMIN HCl 500 MG Oral Tablet,Gestational Diabetes Mellitus
MetFORMIN HCl 500 MG Oral Tablet,Polycystic Ovarian Syndrome
Misoprostol 200 MCG Oral Tablet,Abortion
Lisinopril 2.5 MG Oral Tablet,Essential Hypertension
TraMADol HCl 50 MG Oral Tablet,Tendonitis
TraMADol HCl 50 MG Oral Tablet,Limb Pain
TraMADol HCl 50 MG Oral Tablet,Chronic Pain
Ventolin HFA 108 (90 Base) MCG/ACT Inhalation Aerosol Solution,Asthma
Ventolin HFA 108 (90 Base) MCG/ACT Inhalation Aerosol Solution,Bronchiolitis
Ortho Evra 150-20 MCG/24HR Transdermal Patch Weekly,Gynecologic Services Prescription Of Contraceptive Agents
Ortho Evra 150-20 MCG/24HR Transdermal Patch Weekly,Contraceptives
Diovan HCT 160-25 MG Oral Tablet,Hypertension
Benicar 20 MG Oral Tablet,Hypertension
Actonel 35 MG Oral Tablet,Osteopenia
NuvaRing 0.12-0.015 MG/24HR Vaginal Ring,Depression
NuvaRing 0.12-0.015 MG/24HR Vaginal Ring,Gynecologic Services Contraceptive Management
NuvaRing 0.12-0.015 MG/24HR Vaginal Ring,Gynecologic Services Prescription Of Contraceptive Agents
NuvaRing 0.12-0.015 MG/24HR Vaginal Ring,Oral Contraceptives
NuvaRing 0.12-0.015 MG/24HR Vaginal Ring,Contraceptives
Amoxicillin-Pot Clavulanate 500-125 MG Oral Tablet,Cystitis
Amoxicillin-Pot Clavulanate 500-125 MG Oral Tablet,Urinary Tract Infection
Amoxicillin-Pot Clavulanate 500-125 MG Oral Tablet,Pregnancy Complicated By Asymptomatic Bacteriuria
Amoxicillin-Pot Clavulanate 875-125 MG Oral Tablet,Chronic Sinusitis
Amoxicillin-Pot Clavulanate 875-125 MG Oral Tablet,Periapical Alveolar Abscess
Amoxicillin-Pot Clavulanate 875-125 MG Oral Tablet,Urinary Tract Infection
Amoxicillin-Pot Clavulanate 400-57 MG/5ML Oral Suspension Reconstituted,Acute Sinusitis
Amoxicillin-Pot Clavulanate 400-57 MG/5ML Oral Suspension Reconstituted,Acute Otitis Media
Lexapro 20 MG Oral Tablet,Anxiety (Symptom)
Lexapro 20 MG Oral Tablet,Anxiety Disorder Due To General Medical Condition
Lexapro 20 MG Oral Tablet,Depression
Ortho Tri-Cyclen Lo 0.18/0.215/0.25 MG-25 MCG Oral Tablet,Acne
Ortho Tri-Cyclen Lo 0.18/0.215/0.25 MG-25 MCG Oral Tablet,Gynecologic Services Contraceptive Management
Sprintec 28 0.25-35 MG-MCG Oral Tablet,Oligomenorrhea
Omeprazole 20 MG Oral Capsule Delayed Release,Nausea (Symptom)
Omeprazole 20 MG Oral Capsule Delayed Release,Esophageal Reflux
Zetia 10 MG Oral Tablet,Coronary Artery Disease
Zetia 10 MG Oral Tablet,Hypertension
Zetia 10 MG Oral Tablet,Hyperlipidemia
Zetia 10 MG Oral Tablet,Frederickson Type IIB Hyperlipidemia
Strattera 18 MG Oral Capsule,"ADHD, Combined Type"
Hydrocodone-Acetaminophen 5-325 MG Oral Tablet,Burns
Hydrocodone-Acetaminophen 5-325 MG Oral Tablet,Limb Pain
Hydrocodone-Acetaminophen 7.5-325 MG Oral Tablet,Abdominal Pain
Hydrocodone-Acetaminophen 7.5-325 MG Oral Tablet,Closed Bimalleolar Fracture
Hydrocodone-Acetaminophen 7.5-325 MG Oral Tablet,"Joint Pain, Localized In The Hip"
Hydrocodone-Acetaminophen 7.5-325 MG Oral Tablet,Closed Epiphyseal Fracture Of The Left Proximal Tibia
Hydrocodone-Acetaminophen 7.5-325 MG Oral Tablet,Limb Pain
Sphygmomanometer Miscellaneous,Hypertension
Loratadine 10 MG Oral Tablet,Chronic Sinusitis
Loratadine 10 MG Oral Tablet,Allergic Rhinitis
Loratadine 10 MG Oral Tablet,Atopic Dermatitis
Loratadine 10 MG Oral Tablet,Nasal Discharge (Symptom)
Loratadine 10 MG Oral Tablet,Allergies
Loratadine 10 MG Oral Tablet,Allergic Rhinitis Due To Food
Mirtazapine 15 MG Oral Tablet,Depression
Ciprofloxacin HCl 500 MG Oral Tablet,Urinary Tract Infection
Amoxicillin 400 MG/5ML Oral Suspension Reconstituted,Otitis Media
Amoxicillin 400 MG/5ML Oral Suspension Reconstituted,Acute Suppurative Otitis Media With Spontaneous Rupture Of The Ear Drum
Amoxicillin 400 MG/5ML Oral Suspension Reconstituted,Gastritis Due To H. Pylori
Amoxicillin 400 MG/5ML Oral Suspension Reconstituted,Acute Otitis Media
Nortrel 7/7/7 0.5/0.75/1-35 MG-MCG Oral Tablet,Contraceptives
Relpax 20 MG Oral Tablet,Headache
Neomycin-Polymyxin-HC 3.5-10000-1 Otic Solution,Otitis Externa
Cardizem LA 120 MG Oral Tablet Extended Release 24 Hour,Atrial Fibrillation
Ibuprofen Childrens 100 MG/5ML Oral Suspension,Acute Upper Respiratory Infection
Vigamox 0.5 % Ophthalmic Solution,Conjunctivitis
Vigamox 0.5 % Ophthalmic Solution,Discharge Of Pus From Eyes
Vigamox 0.5 % Ophthalmic Solution,Acute Bacterial Conjunctivitis
Zovirax 5 % External Cream,Herpes Simplex
Zovirax 5 % External Cream,Herpes Simplex Type II
Singulair 4 MG Oral Packet,Allergic Rhinitis
Hydrocortisone 2.5 % Rectal Cream,External Hemorrhoids
Crestor 5 MG Oral Tablet,Hypercholesterolemia
Benicar HCT 40-25 MG Oral Tablet,Hypertension
Kerlix Gauze Roll Miscellaneous,Burns
Metolazone 2.5 MG Oral Tablet,Congestive Heart Failure
Metolazone 2.5 MG Oral Tablet,Hypertension
Metolazone 5 MG Oral Tablet,Edema
Propranolol HCl CR 80 MG Oral Capsule Extended Release 24 Hour,Supraventricular Tachycardia
Propranolol HCl CR 80 MG Oral Capsule Extended Release 24 Hour,Hypertension
Terconazole 0.8 % Vaginal Cream,Candida Albicans Vaginitis
Terconazole 0.8 % Vaginal Cream,Vaginal Candidiasis
Benazepril HCl 20 MG Oral Tablet,Benign Essential Hypertension
Hydrocodone-Acetaminophen 7.5-500 MG/15ML Oral Solution,A Fall From A Ladder
Lactulose 10 GM/15ML Oral Solution,Constipation
MetFORMIN HCl 500 MG Oral Tablet Extended Release 24 Hour,Polycystic Ovarian Syndrome
Vitamin D 400 UNIT Oral Capsule,A Fall
Fosinopril Sodium 10 MG Oral Tablet,Coronary Artery Disease
NIFEdipine CR Osmotic 30 MG Oral Tablet Extended Release 24 Hour,Coronary Artery Disease
NIFEdipine CR Osmotic 30 MG Oral Tablet Extended Release 24 Hour,Hypertension
NIFEdipine CR Osmotic 30 MG Oral Tablet Extended Release 24 Hour,Essential Hypertension
NIFEdipine CR Osmotic 30 MG Oral Tablet Extended Release 24 Hour,Benign Essential Hypertension
NIFEdipine CR Osmotic 30 MG Oral Tablet Extended Release 24 Hour,Pregnancy Complicated By Hypertension - Antepartum Condition Or Prior Complicated Delivery
Prempro 0.3-1.5 MG Oral Tablet,Symptomatic Menopause
Mupirocin 2 % External Ointment,Carbuncle On The Lower Leg
Mupirocin 2 % External Ointment,Impetigo
Mupirocin 2 % External Ointment,Blister On The Buttocks
Mupirocin 2 % External Ointment,Methicillin Resistant Staphylococcus Aureus Infection
NIFEdipine CR Osmotic 90 MG Oral Tablet Extended Release 24 Hour,Hypertension
Cialis 20 MG Oral Tablet,Male Erectile Disorder
Metoprolol Tartrate 25 MG Oral Tablet,Hypertension
Metoprolol Tartrate 25 MG Oral Tablet,Benign Essential Hypertension
Ibuprofen Junior Strength 100 MG Oral Tablet Chewable,Dysmenorrhea
Selenium Sulfide 2.5 % External Lotion,Tinea Versicolor
Nitrofurantoin Monohyd Macro 100 MG Oral Capsule,Urinary Tract Infection
Nitrofurantoin Monohyd Macro 100 MG Oral Capsule,"Urinary Tract Infection, Geriatric Presentation"
Nitrofurantoin Monohyd Macro 100 MG Oral Capsule,Vaginal Candidiasis
Nitrofurantoin Monohyd Macro 100 MG Oral Capsule,Acute Bacterial Pyelonephritis On The Right
BuPROPion HCl 150 MG Oral Tablet Extended Release 12 Hour,Moderate Recurrent Major Depression
Sensipar 60 MG Oral Tablet,"Chronic Kidney Disease, Stage 5"
Pacerone 100 MG Oral Tablet,Paroxysmal Atrial Fibrillation
Cymbalta 30 MG Oral Capsule Delayed Release Particles,Rheumatoid Arthritis
Cymbalta 30 MG Oral Capsule Delayed Release Particles,Muscle Spasm
Cymbalta 30 MG Oral Capsule Delayed Release Particles,Depression
Citalopram Hydrobromide 40 MG Oral Tablet,Autistic Disorder
Citalopram Hydrobromide 20 MG Oral Tablet,Menopause Has Occurred
Fluconazole 150 MG Oral Tablet,Candida Albicans Vulvovaginitis
Fluconazole 150 MG Oral Tablet,Vaginal Candidiasis
Fluconazole 150 MG Oral Tablet,Genitourinary Candidiasis
Tramadol-Acetaminophen 37.5-325 MG Oral Tablet,Piriformis Syndrome
Nystatin 100000 UNIT/GM External Powder,Candida Albicans Vulvovaginitis
Nystatin 100000 UNIT/GM External Powder,Cutaneous Candidiasis
Sildenafil Citrate Powder,Pulmonary Hypertension
Polyethylene Glycol 3350 Oral Powder,Constipation
PrednisoLONE Sodium Phosphate 15 MG/5ML Oral Solution,Asthma
Minocycline HCl 100 MG Oral Tablet,Cough
Minocycline HCl 100 MG Oral Tablet,Furuncle On The Left Buttock
Mucinex DM 30-600 MG Oral Tablet Extended Release 12 Hour,Nasal Discharge (Symptom)
Gabapentin 100 MG Oral Capsule,Abdominal Pain
Gabapentin 100 MG Oral Capsule,Postherpetic Polyneuropathy
Flovent HFA 44 MCG/ACT Inhalation Aerosol,Reactive Airway Disease
Flovent HFA 44 MCG/ACT Inhalation Aerosol,Asthma
Flovent HFA 44 MCG/ACT Inhalation Aerosol,Bronchiolitis
Flovent HFA 44 MCG/ACT Inhalation Aerosol,Cough Variant Asthma
Griseofulvin Microsize 125 MG/5ML Oral Suspension,Tinea Capitis
Vytorin 10-20 MG Oral Tablet,Lipoid Metabolism Disorder
Terconazole 0.4 % Vaginal Cream,Vaginitis
Terconazole 0.4 % Vaginal Cream,Candida Albicans Vaginitis
Terconazole 0.4 % Vaginal Cream,Vulvovaginitis
Terconazole 0.4 % Vaginal Cream,Candida Albicans Vulvovaginitis
Terconazole 0.4 % Vaginal Cream,Herpes Simplex
Terconazole 0.4 % Vaginal Cream,Vaginal Candidiasis
Terconazole 0.4 % Vaginal Cream,Bacterial Vaginosis
Flovent HFA 110 MCG/ACT Inhalation Aerosol,Asthma
Gabapentin 300 MG Oral Capsule,Diabetic Peripheral Neuropathy Type II
Gabapentin 300 MG Oral Capsule,Lower Back Pain
Polyethylene Glycol 3350 Oral Packet,Constipation
Fluconazole 40 MG/ML Oral Suspension Reconstituted,Tinea Corporis
Fluconazole 200 MG Oral Tablet,Vaginitis
Tricor 145 MG Oral Tablet,Essential Hypertension
Tricor 145 MG Oral Tablet,Hyperlipidemia
Butalbital-APAP-Caff-Cod 50-325-40-30 MG Oral Capsule,Headache
Dilt-CD 240 MG Oral Capsule Extended Release 24 Hour,Paroxysmal Tachycardia
Enbrel 50 MG/ML Subcutaneous Solution,Psoriasis
BuPROPion HCl 200 MG Oral Tablet Extended Release 12 Hour,Depression
Cefpodoxime Proxetil 100 MG Oral Tablet,Shortness Of Breath
Focalin XR 20 MG Oral Capsule Extended Release 24 Hour,"ADHD, Combined Type"
Xeroform Petrolatum Dressing External Miscellaneous,Burns
Metrogel 1 % External Gel,Bacterial Vaginosis
Desmopressin Acetate 0.2 MG Oral Tablet,Primary Nocturnal Enuresis
Acetaminophen 650 MG Oral Tablet Extended Release,Headache
Fexofenadine HCl 180 MG Oral Tablet,Allergic Rhinitis
Fexofenadine HCl 180 MG Oral Tablet,Dermatitis
Lyrica 50 MG Oral Capsule,Polyneuropathy
Glimepiride 2 MG Oral Tablet,Diabetes Mellitus
Ambien CR 12.5 MG Oral Tablet Extended Release,Insomnia
Lyrica 200 MG Oral Capsule,Partial Complex Psychomotor Seizure With Intractable Seizure
Hydrocortisone Butyrate 0.1 % External Cream,Eczema
Fexofenadine HCl 60 MG Oral Tablet,Allergic Rhinitis
Lyrica 75 MG Oral Capsule,Type II Diabetes With Neurological Complications - Uncontrolled
Zidovudine 50 MG/5ML Oral Syrup,Exposed To HIV Infection
Lidocaine 5 % External Ointment,End Stage Renal Disease
Azithromycin 250 MG Oral Tablet,Acute Suppurative Otitis Media
Azithromycin 250 MG Oral Tablet,Acute Sinusitis
Azithromycin 250 MG Oral Tablet,Allergic Rhinitis
Azithromycin 250 MG Oral Tablet,Chlamydia Trachomatis Urethritis
Azithromycin 250 MG Oral Tablet,Chlamydial Infections
Azithromycin 250 MG Oral Tablet,Upper Respiratory Infection
Azithromycin 250 MG Oral Tablet,Acute Upper Respiratory Infection
Azithromycin 250 MG Oral Tablet,Chlamydial Disease
Azithromycin 500 MG Oral Tablet,Cervicitis Chlamydia Trachomatis
Azithromycin 500 MG Oral Tablet,Chlamydial Infections
Azithromycin 500 MG Oral Tablet,Lower Genitourinary Venereal Disease Due To Chlamydia Trachomatis
Azithromycin 500 MG Oral Tablet,Chlamydial Disease
Digoxin 0.05 MG/ML Oral Solution,Congenital Pulmonary Valvular Stenosis
Doxycycline Monohydrate 100 MG Oral Tablet,"Inflammation Of The Cervix, Vagina, And Vulva"
Xopenex HFA 45 MCG/ACT Inhalation Aerosol,Wheezing
Xopenex HFA 45 MCG/ACT Inhalation Aerosol,Reactive Airway Disease
Xopenex HFA 45 MCG/ACT Inhalation Aerosol,Asthma
Xopenex HFA 45 MCG/ACT Inhalation Aerosol,Bronchiolitis
Xopenex HFA 45 MCG/ACT Inhalation Aerosol,Viral Infection
Xopenex HFA 45 MCG/ACT Inhalation Aerosol,Bronchitis
Xopenex HFA 45 MCG/ACT Inhalation Aerosol,Childhood Asthma
Cyclobenzaprine HCl 5 MG Oral Tablet,Muscle Spasm
Cyclobenzaprine HCl 5 MG Oral Tablet,Lumbar Strain
Biafine External Emulsion,Decubitus Ulcer
Abilify 2 MG Oral Tablet,Episodic Mood Disorders
SEROquel 50 MG Oral Tablet,Bipolar Disorder
Pravastatin Sodium 20 MG Oral Tablet,Hyperlipidemia
Terconazole 80 MG Vaginal Suppository,Candida Albicans Vaginitis
Terconazole 80 MG Vaginal Suppository,Vaginal Itching Or Burning
Vusion 0.25-15-81.35 % External Ointment,Diaper Rash
Pravastatin Sodium 40 MG Oral Tablet,Coronary Artery Disease
Pravastatin Sodium 40 MG Oral Tablet,Left Heart Failure - Class III
Pravastatin Sodium 40 MG Oral Tablet,Hyperlipidemia
Pravastatin Sodium 40 MG Oral Tablet,Dyslipidemia
Ferrous Fumarate 325 (106 Fe) MG Oral Tablet,Pregnancy Complicated By Anemia
Pravastatin Sodium 10 MG Oral Tablet,Hyperlipidemia
Pravastatin Sodium 10 MG Oral Tablet,Dyslipidemia
Loestrin 24 Fe 1-20 MG-MCG Oral Tablet,Oligomenorrhea
Loestrin 24 Fe 1-20 MG-MCG Oral Tablet,Menorrhagia
Loestrin 24 Fe 1-20 MG-MCG Oral Tablet,Gynecologic Services Contraceptive Management
Loestrin 24 Fe 1-20 MG-MCG Oral Tablet,Gynecologic Services Prescription Of Contraceptive Agents
Loestrin 24 Fe 1-20 MG-MCG Oral Tablet,Oral Contraceptives
Loestrin 24 Fe 1-20 MG-MCG Oral Tablet,Contraceptives
Loestrin 24 Fe 1-20 MG-MCG Oral Tablet,Pelvic Pain
YAZ 3-0.02 MG Oral Tablet,Menorrhagia
YAZ 3-0.02 MG Oral Tablet,Polycystic Ovarian Syndrome
YAZ 3-0.02 MG Oral Tablet,Acne
YAZ 3-0.02 MG Oral Tablet,Gynecologic Services Contraceptive Management
YAZ 3-0.02 MG Oral Tablet,Oral Contraceptives
Fluticasone Propionate 50 MCG/ACT Nasal Suspension,Cough
Fluticasone Propionate 50 MCG/ACT Nasal Suspension,Allergic Rhinitis
Fluticasone Propionate 50 MCG/ACT Nasal Suspension,Allergic Rhinitis Due To Pollen
Fluticasone Propionate 50 MCG/ACT Nasal Suspension,Complaint Of Allergic Reaction Seasonal
Bethanechol Suspension,Esophageal Reflux
Bethanechol Suspension,Dysphagia
Magic Mouthwash,Acute Pharyngitis
Magic Mouthwash,Acute Viral Pharyngitis
Clonidine Patch,Hypertension
Prevacid,Esophageal Reflux
Loratadine 5 MG/5ML Oral Syrup,Allergic Rhinitis
Loratadine 5 MG/5ML Oral Syrup,Atopic Dermatitis
Loratadine 5 MG/5ML Oral Syrup,Allergies
Loratadine 5 MG/5ML Oral Syrup,Dermatitis
Azithromycin 200 MG/5ML Oral Suspension Reconstituted,Primary Atypical Mycoplasma Pneumoniae
Azithromycin 100 MG/5ML Oral Suspension Reconstituted,Acute Suppurative Otitis Media With Spontaneous Rupture Of The Ear Drum
Simvastatin 20 MG Oral Tablet,Hyperlipidemia
Simvastatin 20 MG Oral Tablet,Lipoid Metabolism Disorder
Simvastatin 20 MG Oral Tablet,Essential Hypercholesterolemia
Simvastatin 20 MG Oral Tablet,Dyslipidemia
Simvastatin 40 MG Oral Tablet,Coronary Artery Disease
Simvastatin 40 MG Oral Tablet,Hypertension
Simvastatin 40 MG Oral Tablet,Hyperlipidemia
Simvastatin 40 MG Oral Tablet,Essential Hypercholesterolemia
Ranitidine HCl 150 MG/10ML Oral Syrup,Esophageal Reflux
Simvastatin 10 MG Oral Tablet,Hyperlipidemia
Fenofibrate 160 MG Oral Tablet,Coronary Artery Disease
Fenofibrate 160 MG Oral Tablet,Hypertension
Fenofibrate 160 MG Oral Tablet,Hyperlipidemia
Seasonique 0.15-0.03 &0.01 MG Oral Tablet,Gynecologic Services Contraceptive Management
Seasonique 0.15-0.03 &0.01 MG Oral Tablet,Gynecologic Services Prescription Of Contraceptive Agents
Meloxicam 7.5 MG Oral Tablet,"Joint Pain, Localized In The Shoulder"
Azilect 0.5 MG Oral Tablet,Parkinson's Disease
Azithromycin 1 GM Oral Packet,Chlamydia Trachomatis Urethritis
Azithromycin 1 GM Oral Packet,Cervicitis Chlamydia Trachomatis
Azithromycin 1 GM Oral Packet,Lower Genitourinary Venereal Disease Due To Chlamydia Trachomatis
Nac 600 600 MG Oral Capsule,Acute Renal Failure
ProAir HFA 108 (90 Base) MCG/ACT Inhalation Aerosol Solution,Wheezing
ProAir HFA 108 (90 Base) MCG/ACT Inhalation Aerosol Solution,Reactive Airway Disease
ProAir HFA 108 (90 Base) MCG/ACT Inhalation Aerosol Solution,Asthma
Venlafaxine HCl 37.5 MG Oral Tablet,Chronic Pain
Sertraline HCl 100 MG Oral Tablet,Depression
Sertraline HCl 100 MG Oral Tablet,Adjustment Disorder With Anxiety And Depressed Mood
Sertraline HCl 50 MG Oral Tablet,Depression
Sertraline HCl 50 MG Oral Tablet,"Major Depression, Single Episode"
Sertraline HCl 50 MG Oral Tablet,Postpartum Depression
Sertraline HCl 25 MG Oral Tablet,Depression
Sertraline HCl 25 MG Oral Tablet,Postpartum Depression - Mild
Sertraline HCl 25 MG Oral Tablet,Generalized Anxiety Disorder
Sertraline HCl 25 MG Oral Tablet,Adjustment Disorder With Anxiety And Depressed Mood
Tylenol Allergy Multi-Symptom Oral Miscellaneous,Abdominal Pain
Xolegel 2 % External Gel,Tinea Pedis
Vitamin D3 1000 UNIT Oral Tablet,Osteoporosis
Oxygen,Hypoxia
Ranitidine HCl 15 MG/ML Oral Syrup,Esophageal Reflux
Ranitidine HCl 15 MG/ML Oral Syrup,Propionic Acidemia
Ranitidine HCl 15 MG/ML Oral Syrup,Dysphagia
Claritin 5 MG Oral Tablet Chewable,Allergic Rhinitis
Metoclopramide HCl 10 MG/10ML Oral Solution,Gastroparesis
Femcon Fe 0.4-35 MG-MCG Oral Tablet Chewable,Oral Contraceptives
Femcon Fe 0.4-35 MG-MCG Oral Tablet Chewable,Contraceptives
Metoclopramide HCl 5 MG/5ML Oral Solution,Esophageal Reflux
Preparation H 1-0.25-14.4-15 % Rectal Cream,External Hemorrhoids
Ondansetron 4 MG Oral Tablet Dispersible,Nausea (Symptom)
Ondansetron HCl 4 MG Oral Tablet,Nausea With Vomiting
Ondansetron HCl 8 MG Oral Tablet,Nausea (Symptom)
Ondansetron HCl 8 MG Oral Tablet,Nausea With Vomiting
Ondansetron HCl 8 MG Oral Tablet,Pelvis Mass
Metoprolol Succinate 25 MG Oral Tablet Extended Release 24 Hour,Congestive Heart Failure
Metoprolol Succinate 25 MG Oral Tablet Extended Release 24 Hour,Left Heart Failure - Class III
Metoprolol Succinate 25 MG Oral Tablet Extended Release 24 Hour,Hypertension
Metoprolol Succinate 25 MG Oral Tablet Extended Release 24 Hour,Essential Hypertension
Metoprolol Succinate 25 MG Oral Tablet Extended Release 24 Hour,Benign Essential Hypertension
MetroNIDAZOLE 0.75 % Vaginal Gel,Bacterial Vaginosis
Ondansetron 8 MG Oral Tablet Dispersible,Nausea With Vomiting
CPAP Continuous Positive Airway Pressure,Chronic Obstructive Pulmonary Disease
FentaNYL 12 MCG/HR Transdermal Patch 72 Hour,Chronic Pain
AmLODIPine Besylate 2.5 MG Oral Tablet,Hypertension
Hydrochlorothiazide 12.5 MG Oral Tablet,Hypertension
Guaifenesin-Codeine 100-10 MG/5ML Oral Syrup,Cough
Ciprofloxacin-Ciproflox HCl 500 MG Oral Tablet Extended Release 24 Hour,Urinary Tract Infection
NexIUM 20 MG Oral Packet,Esophageal Reflux
AmLODIPine Besylate 5 MG Oral Tablet,Hypertension
AmLODIPine Besylate 5 MG Oral Tablet,Essential Hypertension
AmLODIPine Besylate 5 MG Oral Tablet,Benign Essential Hypertension
AmLODIPine Besylate 5 MG Oral Tablet,Benign Secondary Hypertension
AmLODIPine Besylate 10 MG Oral Tablet,Hypertension
AmLODIPine Besylate 10 MG Oral Tablet,Essential Hypertension
AmLODIPine Besylate 10 MG Oral Tablet,Benign Essential Hypertension
AmLODIPine Besylate 10 MG Oral Tablet,Lipoid Metabolism Disorder
Clindamycin Phosphate 300 MG/2ML Injection Solution,Carbuncle On The Left Thigh
Zolpidem Tartrate 5 MG Oral Tablet,Insomnia
Zolpidem Tartrate 5 MG Oral Tablet,Congestive Heart Failure
Veramyst 27.5 MCG/SPRAY Nasal Suspension,Allergic Rhinitis
Zolpidem Tartrate 10 MG Oral Tablet,Insomnia
Zolpidem Tartrate 10 MG Oral Tablet,Taking Medication For A Long Time
Symbicort 160-4.5 MCG/ACT Inhalation Aerosol,Asthma
Symbicort 160-4.5 MCG/ACT Inhalation Aerosol,Chronic Obstructive Pulmonary Disease
Symbicort 160-4.5 MCG/ACT Inhalation Aerosol,Intermittent Asthma
Pravastatin Sodium 80 MG Oral Tablet,Hyperlipidemia
Vyvanse 30 MG Oral Capsule,Attention Deficit Disorder Without Hyperactivity
Amlodipine Besy-Benazepril HCl 10-20 MG Oral Capsule,Benign Essential Hypertension
Lovaza 1 GM Oral Capsule,Hyperlipidemia
Lovaza 1 GM Oral Capsule,Familial Hypercholesterolemia
Terbinafine HCl 1 % External Cream,Tinea Corporis
Metoprolol Succinate 50 MG Oral Tablet Extended Release 24 Hour,Coronary Artery Disease
Metoprolol Succinate 50 MG Oral Tablet Extended Release 24 Hour,Left Heart Failure - Class III
Metoprolol Succinate 50 MG Oral Tablet Extended Release 24 Hour,Hypertension
Metoprolol Succinate 50 MG Oral Tablet Extended Release 24 Hour,Essential Hypertension
Metoprolol Succinate 50 MG Oral Tablet Extended Release 24 Hour,Benign Essential Hypertension
Metoprolol Succinate 50 MG Oral Tablet Extended Release 24 Hour,Hyperlipidemia
Metoprolol Succinate 200 MG Oral Tablet Extended Release 24 Hour,Congestive Heart Failure
Metoprolol Succinate 100 MG Oral Tablet Extended Release 24 Hour,Atrial Fibrillation
Metoprolol Succinate 100 MG Oral Tablet Extended Release 24 Hour,Congestive Heart Failure
Metoprolol Succinate 100 MG Oral Tablet Extended Release 24 Hour,Hypertension
Metoprolol Succinate 100 MG Oral Tablet Extended Release 24 Hour,ACP Staging Stage 2 Hypertension: Greater Than Or = 160/100
Carvedilol 12.5 MG Oral Tablet,Hypertension
Carvedilol 12.5 MG Oral Tablet,Essential Hypertension
Carvedilol 25 MG Oral Tablet,Ischemic Cardiomyopathy
Carvedilol 25 MG Oral Tablet,Congestive Heart Failure
Carvedilol 25 MG Oral Tablet,Essential Hypertension
Carvedilol 25 MG Oral Tablet,Chronic Combined Systolic And Diastolic Congestive Heart Failure
Carvedilol 6.25 MG Oral Tablet,Dilated Cardiomyopathy
Carvedilol 6.25 MG Oral Tablet,Congestive Heart Failure With Systolic And Diastolic Dysfunction
Carvedilol 6.25 MG Oral Tablet,Essential Hypertension
Carvedilol 6.25 MG Oral Tablet,Benign Essential Hypertension
Handicap Parking,Limb Pain
Ofloxacin 0.3 % Otic Solution,Otitis Externa
Ofloxacin 0.3 % Otic Solution,Acute Suppurative Otitis Media With Spontaneous Rupture Of The Ear Drum
Ofloxacin 0.3 % Otic Solution,Acute Otitis Media
OXcarbazepine 300 MG Oral Tablet,Generalized Convulsive Tonic-clonic Seizure
Diastat AcuDial 10 MG Rectal Gel,Generalized Convulsive Clonic Seizure With Intractable Seizure
Albuterol Sulfate 0.63 MG/3ML Inhalation Nebulization Solution,Asthma
Corvite 150 150-1.25 MG Oral Tablet,Multiple Gestation - Twins
Corvite 150 150-1.25 MG Oral Tablet,Urinary Tract Infection
Corvite 150 150-1.25 MG Oral Tablet,Pregnancy Complicated By Anemia
Corvite 150 150-1.25 MG Oral Tablet,Anemia
Lansoprazole Powder,Infant Feeding Problems
Cetirizine HCl 10 MG Oral Tablet,Allergic Rhinitis
Cetirizine HCl 10 MG Oral Tablet,Complaint Of Allergic Reaction Seasonal
Cleocin 75 MG/5ML Oral Solution Reconstituted,Carbuncle
Ramipril 10 MG Oral Capsule,Hypertension
Ramipril 10 MG Oral Capsule,Essential Hypertension
Cetirizine HCl 5 MG Oral Tablet Chewable,Allergic Rhinitis
Cetirizine HCl 10 MG Oral Tablet Chewable,Allergic Rhinitis
Bystolic 2.5 MG Oral Tablet,Congestive Heart Failure
Bystolic 5 MG Oral Tablet,Mitral Valve Disorder
Bystolic 10 MG Oral Tablet,Hypertension
Bystolic 10 MG Oral Tablet,Essential Hypertension
Alendronate Sodium 70 MG Oral Tablet,Osteoporosis
Home Health,Diabetes Mellitus
Maxaron Forte Oral Capsule,Pregnancy Complicated By Anemia
Maxaron Forte Oral Capsule,Anemia
Pen Needles 31G X 8 MM Miscellaneous,Type I Diabetes Mellitus - Uncontrolled
Vyvanse 40 MG Oral Capsule,"ADHD, Combined Type"
Pristiq 50 MG Oral Tablet Extended Release 24 Hour,Parkinson's Disease
Voltaren 1 % GEL,Tingling (Paresthesia)
NexIUM 10 MG Oral Packet,Esophageal Reflux
BuPROPion HCl 150 MG Oral Tablet Extended Release 24 Hour,Depression
Calcium 500+D 500-400 MG-UNIT Oral Tablet,Osteoporosis
Requip XL 2 MG Oral Tablet Extended Release 24 Hour,Cerebellar Ataxia
Ocella 3-0.03 MG Oral Tablet,Polycystic Ovarian Syndrome
RisperiDONE 0.5 MG Oral Tablet,Attention-deficit Hyperactivity Disorder
RisperiDONE 0.5 MG Oral Tablet,Disruptive Behavior Disorder
RisperiDONE 0.5 MG Oral Tablet,Episodic Mood Disorders
RisperiDONE 0.5 MG Oral Tablet,Adjustment Disorder With Disturbance Of Emotions And Conduct
Cetirizine HCl 1 MG/ML Oral Syrup,Allergic Rhinitis
Divalproex Sodium 125 MG Oral Tablet Delayed Release,Dementia
Divalproex Sodium 125 MG Oral Tablet Delayed Release,Epilepsy
Stalevo 125 31.25-125-200 MG Oral Tablet,Parkinson's Disease
CitraNatal Assure 35-1 & 300 MG Oral Miscellaneous,Patient Education - Preparation For Childbirth
LevETIRAcetam 500 MG Oral Tablet,Seizure Disorder
Periflex Infant Oral Powder,Phenylketonuria
Stavudine 15 MG Oral Capsule,HIV Infection
Claritin 10 MG Oral Capsule,Allergic Rhinitis
SUMAtriptan Succinate 25 MG Oral Tablet,Headache
LevETIRAcetam 1000 MG Oral Tablet,Seizure
LevETIRAcetam 100 MG/ML Oral Solution,Epilepsy
Epiduo 0.1-2.5 % External Gel,Acne
Divalproex Sodium 125 MG Oral Capsule Sprinkle,Seizure Disorder
Divalproex Sodium 500 MG Oral Tablet Extended Release 24 Hour,Episodic Mood Disorders
Loratadine-Pseudoephedrine 10-240 MG Oral Tablet Extended Release 24 Hour,Allergies
Metoclopramide HCl 1 MG/ML Oral Solution,Propionic Acidemia
Vimpat 100 MG Oral Tablet,Partial Complex Psychomotor Seizure With Intractable Seizure
Topiramate 25 MG Oral Tablet,Common Migraine (Without Aura)
Topiramate 25 MG Oral Tablet,Seizure Disorder
Topiramate 50 MG Oral Tablet,Partial Complex Psychomotor Seizure With Intractable Seizure
Concept OB 130-92.4-1 MG Oral Capsule,Pregnancy Complicated By Diabetes Mellitus
Integra F 125-1 MG Oral Capsule,Pregnancy Complicated By Anemia
Corvita 150 150-1.25 MG Oral Tablet,Anemia
OB Complete 400 35-5-1.2 MG CAPS,Abdominal Pregnancy
OB Complete 400 35-5-1.2 MG CAPS,Female Infertility Associated With Anovulation
LaMICtal XR 100 MG Oral Tablet Extended Release 24 Hour,Partial Complex Psychomotor Seizure With Intractable Seizure
Multaq 400 MG Oral Tablet,Atrial Fibrillation
Effient 10 MG Oral Tablet,Coronary Artery Disease
Hectorol 1 MCG Oral Capsule,Vitamin D Deficiency
Colcrys 0.6 MG Oral Tablet,Acute Gout
Clindamycin Phos-Benzoyl Perox 1-5 % External Gel,Acne
Calcium 500 +D 500-400 MG-UNIT Oral Tablet,Osteoporosis
PEG 3350 Oral Powder,Chronic Constipation
ValACYclovir HCl 500 MG Oral Tablet,Herpes Simplex
ValACYclovir HCl 500 MG Oral Tablet,Herpes Simplex Type II
ValACYclovir HCl 1 GM Oral Tablet,Herpes Simplex
Ferrous Sulfate 75 (15 Fe) MG/ML Oral Solution,Iron Deficiency
Vitamin D (Ergocalciferol) 50000 UNIT Oral Capsule,Osteoporosis
LoSeasonique 0.1-0.02 & 0.01 MG Oral Tablet,Dysfunctional Uterine Bleeding
CloNIDine HCl 0.2 MG/24HR Transdermal Patch Weekly,Essential Hypertension
CloNIDine HCl 0.2 MG/24HR Transdermal Patch Weekly,Benign Essential Hypertension
Lansoprazole 15 MG Oral Capsule Delayed Release,Vomiting (Symptom)
Lansoprazole 30 MG Oral Capsule Delayed Release,Esophageal Reflux
TraMADol HCl 100 MG Oral Tablet Extended Release 24 Hour,Dysmenorrhea
TraMADol HCl 200 MG Oral Tablet Extended Release 24 Hour,Cramp Of Limb
Vagifem 10 MCG Vaginal Tablet,Postmenopausal Atrophic Vaginitis
Vagifem 10 MCG Vaginal Tablet,Dyspareunia
Focalin XR 30 MG Oral Capsule Extended Release 24 Hour,"ADHD, Combined Type"
Pramipexole Dihydrochloride 1.5 MG Oral Tablet,Parkinson's Disease
Pramipexole Dihydrochloride 1.5 MG Oral Tablet,Multisystem Atrophy
Pramipexole Dihydrochloride 0.5 MG Oral Tablet,Organic Sleep-related Leg Cramps
Voltaren 1 % Transdermal Gel,Limb Pain
Imiquimod 5 % External Cream,Condyloma Acuminatum
ZyrTEC Allergy 10 MG Oral Capsule,Allergic Rhinitis
ZyrTEC Allergy 10 MG Oral Capsule,Allergy To Pollens Weeds Ragweed
Advair Diskus 100-50 MCG/DOSE Inhalation Aerosol Powder Breath Activated,Asthma
Advair Diskus 100-50 MCG/DOSE Inhalation Aerosol Powder Breath Activated,Shortness Of Breath
Advair Diskus 250-50 MCG/DOSE Inhalation Aerosol Powder Breath Activated,Cough
Losartan Potassium 25 MG Oral Tablet,Congestive Heart Failure
Losartan Potassium 25 MG Oral Tablet,Hypertension
Losartan Potassium 50 MG Oral Tablet,Coronary Artery Disease
Losartan Potassium 50 MG Oral Tablet,Essential Hypertension
Losartan Potassium 50 MG Oral Tablet,Benign Essential Hypertension
Livalo 4 MG Oral Tablet,Hyperlipidemia
Adapalene 0.1 % External Gel,Acne
Azelastine HCl 137 MCG/SPRAY Nasal Solution,Allergic Rhinitis
Venlafaxine HCl 75 MG Oral Capsule Extended Release 24 Hour,Moderate Recurrent Major Depression
Clindamycin Palmitate HCl 75 MG/5ML Oral Solution Reconstituted,Cellulitis
Clindamycin Palmitate HCl 75 MG/5ML Oral Solution Reconstituted,Skin Abscess Of The Head
Adapalene 0.1 % External Cream,Acne
Enoxaparin Sodium 100 MG/ML Subcutaneous Solution,Venous Thrombosis Of The Deep Vessels Of The Proximal Lower Extremity
Enoxaparin Sodium 40 MG/0.4ML Subcutaneous Solution,Pulmonary Embolism
Enoxaparin Sodium 40 MG/0.4ML Subcutaneous Solution,Venous Thrombosis Of The Deep Vessels Of The Proximal Lower Extremity
Enoxaparin Sodium 40 MG/0.4ML Subcutaneous Solution,Acute Venous Thrombosis Of The Deep Vessels Of The Lower Extremity
Enoxaparin Sodium 30 MG/0.3ML Subcutaneous Solution,Cerebral Vein Thrombosis
Enoxaparin Sodium 30 MG/0.3ML Subcutaneous Solution,Limb Pain
Pramoxine-HC 1-2.5 % OINT,Puerperal Hemorrhoids
All Day Allergy D 5-120 MG Oral Tablet Extended Release 12 Hour,Allergic Rhinitis
Norethindrone 0.35 MG Oral Tablet,Oral Contraceptives
Lansoprazole 15 MG Oral Tablet Dispersible,Esophageal Reflux
Pradaxa 150 MG Oral Capsule,Atrial Fibrillation
Lansoprazole 30 MG Oral Tablet Dispersible,Failure To Thrive In Childhood
Lansoprazole 30 MG Oral Tablet Dispersible,Disorder Of Mitochondrial Metabolism
Donepezil HCl 5 MG Oral Tablet,Alzheimer's Disease
Donepezil HCl 5 MG Oral Tablet,Vascular Dementia
Donepezil HCl 5 MG Oral Tablet,Speech Language Dysphasia / Aphasia
HydrOXYzine HCl 10 MG/5ML Oral Solution,Eczema